address,symbol,name,decimals
0x8ab98c28295ea3bd2db6ac8b3ca57a625c054bd1,SFR,SunflowerToken,18
0xd21a22ecd8de90be65b5945a0c381f16c75bbb15,Marvin,Marvin Inu,18
0x4ac98aad170763f413fd7767c1c7b2067af03ece,HASHAI,HASHAI,15
0xe9b14081aab415d64842a1bfc30641eeead93b67,mETH,mETH,18
0x12659957a9f0e7a45e983824b45cd2ef369d7bb9,MAGI,MAGI AI,18
0x158a7151700ac66e61e6ed3ac3557566c9696341,DOGEC,Doge Classic,18
0x721c8443f530188123347484c7f986a8fb62ab53,STONKS,STONKS,18
0xdf1bbf9184c5d5e8d74e2b0f3161aa9545c098c9,AI,Autistic Intelligence,18
0xdafa3b3eae382b77122959e8e42b721618410557,Pepe,ShibaCumGMElonKishuTurboAssFlokiMoon Inu,18
0xc04057cbae8241584f098baed622564e428c7897,PEW2.0,pepe in a memes world 2.0,18
0xfccaeb89f7c9b1de28661f5c5d68b2af2e382bb0,RIZZ,Rizz Coin,18
0x6db383f99e01d8ad6a1a4ee5bc8de2f084369f2e,ETH,Ether,6
0x0cb20b77adbe5cd58fcecc4f4069d04b327862e5,,,
0x4ac9045cc909ea80a515003d0b9af799aee0dbc7,PoPT,Proof Of Purchase Token,
0xc6fdb24eb0a43f5570d56e98e473ca44531fac53,item-6,item-6,0
0x4338a78fa77965c56c143fb55a0459e63911f1b7,BP,BurnPietertjes,2
0xe1a66dc6a2f457864e50142a20197afd186c0cc8,GLC,Garlic Chain,6
0xe3c1ff5a831d682fa8aba468179bce2fde32b719,tf,Vitally Marinchenko,7
0x011a105076791f654282daa392d48cc9b77757af,V.cx,Visa,8
0xd03dedb7dd3b3d7a77a45bc29a89a05bae5ba4d3,AFR,Afrolis,8
0x182d9b37eddb623cba34fb62ca5fa2a415684a9b,GJB,GaoJinBi,8
0xc26b56f339bf8274b85f4d524906d40f50163532,AOC,ASHTONIUM,8
0x216c3f1016dfdf7c0089d4637f12c8cffec617e8,GanyuCoin,GanyuCoin,10
0x898a85319c1cee242b80617ac1b1bac4be3e3cd4,ZDC,Êô∫Ë±Ü,18
0x970d48531bd6da34dfa5f867c3bc0afe17c0c4dd,BNT,Bancor Network Token,18
0x5ad0d139be475a2d4ac88380b047de645061ee38,METH,Wrapped Ether,18
0x07a0e6bfa03779bd543364ace3ccbba0d1b0a13b,VERI.GOLD,Veri Gold,18
0xd9ba04d70e8291265a1aa0dbd1de7501edcdc6d5,IBK,Investigate Blue Kirby,18
0x289e9a4674663decee54f781aade5327304a32f8,sUSD,Synth sUSD,18
0x2f4e06ffa1bb96511742ef4b0b3382398a78d32c,IoTG,IoT Green,18
0xe7b3dc4a7683d092a6bf1a17a1a3ff94abcdf4e8,FUEL,Rocket Fuel,18
0xfa399901767e96308f950775c40fc379249b9a18,SAFE,SAFE,18
0xdd6eef0507f10d21f716e36d8b1aae76a4fa3f62,CXGC, Cashex Global Coin,18
0xc153764125aca74511da0c9f61580d45e4c045b2,GYT,Guess Your Timestamp,18
0x2883ab4d70cb5d05eefa41caff4fb24e6d7b5f14,PAND,Panda Token,18
0xf3bec64706d9f8815ef52e64b9abf10a1390138d,BAT,Basic Attention Token,18
0x44f12955189e3f01be5daf1dd9002ee4d774f42b,AST,AfterSchool Token,18
0x5ee226046bd146a53bbc211ad8a915b9a35f71c9,TTT,Telematics Token,18
0x0ab9b4f4f313c043fe8fdb07c60f3e249075eb1c,LIFEI,LIFEI,18
0x3a8cccb969a61532d1e6005e2ce12c200caece87,Titan,TitanSwap,18
0xaf8fe82eb6604e6d498f496c4522b00d396c452c,DV,DELIVER,18
0x0182c2f88461990fa276c47e8c199980d4cc2985,TheDoge, Doge Protocol ,18
0xc8d9ac6570d23408710c39e88420ca193a1bc7c3,,,
0x3d7810b5f030ec911d6cdb272e5d241757cb4c1c,,,
0xf84e2a0b6ef4370aca28036864b71303e94ed1cf,,,0
0xb77cc2628a7ab5eb190554dc382621e3c4611b0c,item-1,item-1,0
0xbf446f85ecca2bd3e43e94e2f45ec3fe6c97c708,SB,Sammy Blais,0
0xa60eab3a5cf04415aa47e897df68b58f423c7316,BLQ,BLEQUITY,0
0x2c34e99497f207674461756ba7fb6b56a4102fe2,100000PC,The One Hundred Thousand Purely Coin,0
0x15910ca8f71620b7f8b819bbb53693be9dcfaa49,WLC,WhaleChain,0
0x273fc768f459d870d06a45dfae9fbe11b5266fca,AKZA,AKZO ,2
0x24fd750e3c45c85124ed9f97485c87fc9dd4be53,POLY,Polyp,3
0xfe0aba5926f3bd9cf0713cdee0c5041b610c8751,THICC,ThiccCoin,3
0x058246a7cc11c2ce052da5e67d2c3837576ba875,DTX,DATIXX,5
0xa1fbdac323c6f44d4f5c969b58c1738ff1d3165f,BDL,YunXinToken ,6
0x30c5ba5bae647142eac1d5e06d7f87b14e590f29,NTC,New Technology Chain,6
0xf1cb7bb7dff2a34b0bc30eb129f10530fed146ea,OTIS.cx,Otis Worldwide Corporation,8
0xf0f6caa26e92bdc7be4edb9942df290688df2aab,COS,Coinsurance,8
0x7afe4978032e10d5ac54ac8657c38f0000d55250,BRN,Brennen,8
0x39b05c0c94ad5c6231086fa5dfd30f14aa02a4fb,RBC,RealBoostCoin,8
0x054c64741dbafdc19784505494029823d89c3b13,XET,ETERNAL TOKEN,8
0xfa903f4aa7f6d9d83832aa3028ba78b85f633cdd,TUP,thumbs up,8
0xa3867762f068fdbe410e7bbbfda5bbc0162f0e92,GSE,GlobalSharingEconomyCoin,8
0xdbb00b94f34fb49e2bc61c08333f265b268a9d13,FlokiInu,flokiinufi.com,9
0x942134d03da7dd5203393a6898ddd58bff09e204,$,StableWire Balance,18
0x054e39ec36ee6b4a9953a12b52178d4235ddf8d9,Rico,Rico,18
0xcb1a3a12025bb86e1b2515b1122004f09e38c3fd,Œ©,LUCKY,18
0xbca027209691b15893b24b08efe0a35182c9a77b,NST,Noteshares Token,18
0x96463b0587c44fe760e33ca03812873a3bb6e844,VLL,XAIN,18
0x55695d68f39460ddf3f86887611fc19914770bf7,ABCC,Asset Backing Crypto Currency,18
0x2d540ea0c288e5b28fae1b001e24f78d07661c32,APS,AppliedScienceToken,18
0x9c2181aa2c44de288ba136884f5f194fcff8391a,BZC,BAZOM CONSUMPTION,18
0x8b52b0c31b5206e191310c831904db04a6093be1,XP,XP,18
0xa620fb7f14e05c79aaf7e1d3787271e5f5f82d58,PET,PET,18
0x78bf3a9508209ed7fe90ad38af8be6c9316777fd,PTC,Pacific Technology Chain,18
0x1b0ff0050e035166a18446350104fd1ef1525177,INV,InvisiCoin,18
0x3a6b457fbc2c2a26d7f0067d92f741dfa26069d6,GOC,GOCOIN,18
0xb74a0a9cacdfd20aed91a953f91c944196cd1fc4,FDB,fodincoin,18
0x98f1d34c9e4a868941392c6b4bca4b40550363b1,EVO,Evocoin,18
0x7dcfbdfb1903843719dbf57c0a4433f49777bbb5,GFC,Good faith chain,18
0xa04452fcff932c9057b4bdb9c3dafe5310d41e94,COVID,CoronaCoin,18
0xed0951f1ac8f3cce6e2ada9cb67fd5f1883e417a,VVL,VV VAND 1.0,18
0x6f55a4ad49d5580ed9a03a2c4228d8c833401bca,EMN,EtherMoney,18
0x84ffc2cb2109085f44ca159073e27ccd26fe7746,,,
0xebb8aedd3ff50fc66244b7c303e1f55f3002eae0,,,
0x02e60b30fcad61b0bc7b4adb2f14aa643f0dc43c,Wolfeez,Wolfeez,
0x01d8a618ba50232e73b7e0c3254bfa0802a75b56,SS2,Study Sessions,
0x337015737fc17ca24af1366eb02e73a62d27ae38,,,
0xf9841c95b0b69477a5287b2afbf634349e1c3789,,,0
0x4a68fe56053fce3f57d513f305b0b16bc2acace2,,,0
0x258f70865a4876821817841e365becc12904805f,CTT2,CrypotaPay Token2,0
0x957c30ab0426e0c93cd8241e2c60392d08c6ac8e,MOD,Modum Token,0
0xbc82315884f93ed8bc8ab77dc9b3221961d24ec6,ELA,Elastos,0
0x8783a01568919f3b0def660403e45238d759f0a3,PEX,TheToken,0
0xc1549e7f291df39f0cfbcc061ba0a33ec4c4aa93,VET,VET Coin,3
0x4831c1416706be3c7341789cb5ea15985f6335d9,STGC,ÊòüÂ∏Å,4
0xa3d37af970a4482255bfe8656b43c8581edf8e81,WSQ,Word super quick,4
0x58acaabdecae237aac6fee5104bbb54f5b420c3c,HRCT,HeroCoinToken,4
0x88261b94b7ede8da3d0347c5e6dd790e22fc60d7,FZB,FZB block chain,4
0xa53ccf10d2a42f6c23b624419dc8e1b7ac5c3463,NATC,NATC,8
0xb9aed0a781319a13d25a7a27a7f79af0a056e420,LCTTC,lottery chips t C,8
0x4989b51d4fcda0980fe8b589ff9de0f9dbc33a2c,MRV,MadRogerVer Token,8
0x086131a40b990e1e1e77fda4c7918e1b56e4b558,HDAO,HyperDAO,8
0x0e8ff16ebb5459b28e15da83a18fa54d2ae59f6a,LUNA,LUNA,12
0xe751f5efd17af6ac22af9aed076c133618b7e481,ZT,Zcash test,18
0x60498f0a2d434b787e851aa2c6cc0fe039b8e0e5,GDC+,GlobalDCash,18
0x32db130a4fde7e05731ebb11bf3984759fe65c64,UZBIT,Uzbekistan blockchain token,18
0x68bf6c2eb51f415b2c78a98b9ecc0c94abda8eaf,WZY,wzy,18
0xbc0e9f237033c77fffaeb2f42a0e9cbeb9ffb907,MKR,MakerDAO,18
0x3308ee36246825428896718ffd689e32dbab8515,DT,DToken,18
0x862564e5a8021d99bdefd84d6a904f18727a1ed6,YMFZ,Ye Ma Fen Zong,18
0xfebe6fdc75edd4629bd96bfb0d251932510f51a4,MFC,Mofa Coin,18
0x6533c4f570442720cba141f23a0901a5cbe9bcac,TRUE,TRUEQUE,18
0xd987582aa9c8a332cf244a5563cfa77caae04399,ADC,Adtalos Coin,18
0x7f4c9706f2ccf48392cc44c5173bd6da10ab57e4,fos,fanos,18
0xfa7baa85f76c5e245879f6ab4283f543467c3097,AIP,ArchiLexIP,18
0x1bd6d5ab87f775ff88fb86c9fcf51ef51c43b5fa,KDCC,KDC cash,18
0xb950cbd39e41f78979ac6ae69be5698d49c57cf8,AKT,AKT,18
0x4538789ae63d0077129de4f27075cb178e3f074d,INV,InvisiCoin,18
0x6d1490a998fecced43c1e9b510db351584356082,INV,InvisiCoin,18
0x00d45e0a82c9eeb8331f91498e0a9ea8f40d435d,PEO,PowerEOZ,18
0x436cda71c51d308c80058a972a9aa36d7d0d9e91,DSB,DSB Token,18
0xf69db5ac0d3d38d9dcf725c2de079f749c2b54fb,WAR3,Web War 3,18
0xc768c5f94c29421e54855fb6695c70b733bd8281,aXc,autoXchange,18
0xc86b5c00c9f23fb1adb31e9b52d97b250ff9fadc,BENT,BENT,18
0xe473b9af9bf12382f5d786032d9312a7bb215c9b,,,18
0xdc1f6b2ff1d77177f9eb38205331eb10ce6c370d,ML,Á†ÅÈìæ,18
0x1b6eea1b9a69ac9984d14b09c26324db90491fa1,Shih,Shit Tzu Doge,18
0x65a4a74fb5c65b386c777f4d7c7e0e50e934f69e,,,
0x63e15de4bfb1426da0da9ca424f9a6e6a1346e4b,,,
0xd87a852274016d548f43bf44df1682815d517a63,,,
0x42fde975d4274b66999d52e878578651b2a4a07e, ATE, ATE,0
0x8e693dd9a22b146ca16346ed709200aba59a7d65,CF,TheToken,0
0x2c921b949a47aac261c59fd22a04ba0f0697ec07,NTC,NeutrinoCoin,2
0xf1326d0b50ee8931643b63be71b4463f5774d487,CRC,CRC Token,2
0x5a3afc4b33135efd4c2b84c36c18c6a67c884afe,BTCC,Bitconcent,3
0x6a609a08c6a3b46581145b8aab09aca56e823741,BEER,BeerToken,4
0x3dde6b0ca1531681e58db8734b730ef871f93c1a,RSQ,ResQCoin,6
0x1ad7a8f4e30e91f45c5d8a742c805492e220990e,TNC,Tangle,7
0xb357f498efcac29bcbc2286aa13ea822456d2c41,Bitc‰∏≠ÊØîÁâπ,Bitc,8
0xe49b7e5cf4da520b7ff5f22f1cfa700f66f7de9c,XBRC,BARTER COIN,8
0x6940c3a2f57b2867d18f2a160b5736cbc172f0de,SCO‚ôè,Scorpius_ZodiacToken,8
0x0dba7cecd045477f030bd7b738e5c307f6a162e5,CEC,CommErcial Contract,8
0x536381a8628dbcc8c70ac9a30a7258442eab4c92,PAN,Pantos Token,8
0x502b432614cb631bf9443de54b6a3920f6032f61,KRG,KrugerrandToken,10
0x1fde33d8a39837f8108d45ace6590ad9566ab405,,,18
0x579a36e3ee65cd3b15bffcafa8d155d3aecd7bc1,AKST,Akasha Token,18
0x860306076f5937b99e2e1d83fb6358592951e06a,RAS,RASMART,18
0x7811d763ac2b1437b0a9be32ddfa75d93c061449,‚ö°Ô∏è,PREVIG,18
0x01fa17a1b38a6335b7ad2307db6bef309d2ba981,CEX,CEX.Finance,18
0x3036da76624005ca6a43a4262b088f5f44cd4b42,FNM,Finnance_MM,18
0x6c3acfa38f59a1320c4467abc3d5c6ba7f1381cc,CHO,Glucose currency,18
0x255572964432f9cb677b67f42c4a5b51247c483a,AR,Arweave,18
0x4ac0c13d7202e4a4dbbd09dbf2c611a87e8fd483,XDXX,XDXX token,18
0xf7c25be4409d64ce2b75d060d114740e7afd734e,OMG,OmiseGO,18
0xcdc76205bbd9d80faff86b0847e89b7b6c5e2767,CRM,Carismacoin Coin,18
0xc4611e19792a78164282ef35d00a93d50174a56e,BLX,BLX,18
0x92022da0ff058da109f6ea5535962e1f51dfdb83,SirenFi,Siren,18
0x4bffc9b4d4dcf730820a2edcad48ff5d7e0ae807,INC,Influence Chain Token,18
0xff0cca1818ddc0d66b53a96a9aa8bda9043e1437,yLink,Yearn Link,18
0xa0f1981414cedbd6d756a05c5483d0b1a40cc850,ML,MULI,18
0x69addb19659da7d3c2d30c1831016922a18dcbb0,PTMS,Play the magic square,18
0x485c07a35382275c9debabec007d930aebdadfed,UIDF,UNION INTERNATIONAL DIGITAL FORESTRY ,18
0x39422f932c307ab6df5aef5eb0952929827fc760,EGJ,EgjamCoin,18
0x22f2927ef2db8afb3c1f286dff694a12039b7dd9,ref,Coin,18
0xc5005344d52758ee2264be257a198b50f884711b,ILT,illume,18
0x8672b2f958d8f83e488530b738c20accf8d1c785,WHR,White Rabbit,18
0xfb838ae5980c8d3beb3f8df6e0232aad4a1f5a17,LOT,LotteryToken,18
0x634cf64b22c2915fa13adfd2447c0ae0953b9212,WITHART,The Withers Art Project,
0xffcbd7ad16ae1ec37acc45aaaa2b39275eef3ad2,KOHLI,Virat Kohli,
0x8a63ec73ca87f6a8c60e6660c4c45df176e4248c,CS,CryptoSport,
0x5b481ae02defe75146603bd3ab1f290b2c96a3c8,,,0
0xa76400753d80997203c6b20bd003c2474110cfcb,@sammokablamo,Dragon Pup,0
0xb39b21b225ff3b18f1edd78a3dac7e087e30388e,CLVRRR,Cloverrr,0
0x4f17c60497b11a2b7c4843be1019d5a8f0d51413,DKC,DonkeyCoin,0
0x5299cbcaf837253a41f57078897feda12f912f80,GOT,TheJoke,0
0x197d6a38229071737d89c4f9235456426f31dded,ATRA,Atra,0
0x7b11fef11031d47b2e9d28b2cf9e513a4c53273b,XFT,FuckTrump,2
0x931989ec04be1c785f522251a5443f9d88ec1eac,TRD,Turkish Dollar,2
0xe841176f632a3862e14255fa2fb97f767ae1dd1a,LUCK,Good Luck,2
0x45347b8a621baf917fa10854b0bb5a951668b906,TEMP,Temple Theory Token,3
0x9686acfdb82b19800c5c481c1d2c99e8545766dd,JTC,JMToken,4
0xd3bc5bf7021d04a2972c4f2389b14644e0181f4a,üêçÁîüËÇñËõáüêç,üêçÁîüËÇñËõáüêç,4
0xcae3e3ba39492eeecb368902df8e39523fe9f304,ARS,Aurus,6
0x4ed8ff614be742ef7028d2ae882abbdedaa7ff28,EN.cx,Bouygues,8
0x065d6fccf3bcc50e37e875479511f5ca656b98d8,B42,Bitcoin42 Token,8
0xfee6fd16f8ca451b7a5624579d886d5934b2702e,AEO,Assist Each Other,8
0xbe941b57cded74c0c0fc16e415992a7505c01bae,ROL,DICE,16
0x8c749759d92fc271b5d23e954c26be7abe95a96c,,,18
0x07ee5efa2ba87555d5f055a5afa317e0630d1ab5,PLNS,PLENUS,18
0xde92512eca7ee1211f0a18de4c9a3dc36ea8da05,KND,KriptoNeed,18
0xf0d6bef54654bd8df4c00abd57c52fbbc905c31b,LMTC,love and medical care transmit chain,18
0x8dd16640bf4705bbf9a5bdbbe3b521b17477fd30,4IR,4IRE labs,18
0x0fac98902b1ba4faf3424d19137ffb464ced802a,WCT1,WePower Contribution Token 1,18
0x96905b0585a6dd8d79d20eaf7af93695e841c836,YFIU,YFIU,18
0xa50cc05507477d747a8d699b27a0ed3ccf1eb40a,WOL,Wolumen,18
0xaa56473ae0ee2192635212379990ca6faf4b267d,ADA,ADA,18
0x18b2a2316747c8d42b591245cf46cb289f914f2e,WD,WANGDD,18
0x28b1628da1c415623d00607b29eb84f0e7cb75c3,CMK,CRIMSON KITTLES,18
0xaa6296f88c3fb16881750e7166240cd9c82e8172,BLP,Blackperle,18
0x72f1be49282c02893b5694b6556d6dce77702302,B1C,Bit and Coin Token,18
0x090735a5f68309872a74e1f8eee68242bb30f479,BTCB,Bitcoinbits,18
0xe9ec7607bdf491cf403894e5219ae99f4645d2bc,FSN,FusionToken,18
0x5a32f7d1c06d3a902fe47e56d416aad661f577fb,BIG,BI Golden,18
0x6431f754c34c6bf41bf1556100b3ba3dd264a44c,W07B,WorldCup2018 07 Denmark,18
0x08b971a9a35052236e424ab5e47fabf00948748b,eads,exads,18
0x400d1d40567ef813c53c716b12f049cc10d38538,ETLC,ethereumleaguechain,18
0x186b92897624438ba462da85a830378ab55b189e,CHIH,Chihuahua,18
0x283318860ce2654d4b5de61afa1e1cee8d39e902,WCXT,WCXT TOKEN,18
0xc9109d98bf3d9af7b0e8c7dea3c8001cb00c08ef,YDE,YDE,18
0x6567b632fcc3eb3cebd59c1e02d7ebb77cfaa5c3,INV,InvisiCoin,18
0xfdd138f4e94fdf08adfcacda82ecfb996502b5e1,INV,InvisiCoin,18
0xcf982cdc94754ed01ea85c04fbcb88dc2b7c205a,INV,InvisiCoin,18
0xc75d6510320af9579237050312ec5222ec348733,VPP,virtue.poker,18
0x1efb021b1ca2f004c83f9e9919e2690f9b46e9d0,JUMP,Jumpwav,18
0x7093c3e904720e1fd031fd48aeb424bd2c5c6bfc,GHC,GHANACOI,18
0xf807c736ddee15510ab4c14d659d43cc459206a3,BW,BW,18
0x4481b401ffecf769386faeabad6c088274c8e350,DTEX,Dealtex,18
0xc334ccc88913b11b5ab87f3f41a7e8cdaa587f4b,RB,RB Token,18
0x6cbf34cba6c1388fdf31e50ee408b1d2b0653499,AGIC,AGI Smart Coin,18
0x66186008c1050627f979d464eabb258860563dbe,MDS,MediShares Token,18
0xcac674b7ad493f0f29530000cd23da5ba75e09d1,SHIBAE,Shibae Coin,18
0xf01caf13c7b65168f194786352828ccf9aaab113,RIX,RIX Token,18
0x7ee88f71d2e7d3fbf49593bbc5839c524895f259,,,
0xf190f2930ca8d7fd6f4bb82b76b726aaba9d7d4f,DFINC,DeFiner Contract,
0x214b9a988adb43565984782fa97ed6e7881c64f2,,,
0xfb327d0bf4b44bbc44e0b6a173c0401f20fa18b3,,,0
0x6abde1933695bddcb931e8cdd16d4255cfa69246,MAR,Maryanto,0
0x78e8f1210cd0930e16397fe119a2c81a6f9fb45c,MLGB,Massive Linked Grid Basic,0
0xd5f780f0c72266bcbb6261e832214ec239d01dd4,U91,U91,2
0x67515a791026d3898ab705589d010daf05b15b82,CNM,CNM,2
0xd15f47fb5aa0d4fd0d49497de87cefe49c1f6f82,CRX,Carblox Token,3
0x478b95c1a32a8b8123baf59436f403fcc994dce2,SLM,Solomon,6
0xd8a2ae63fd33b038dd9fef43e7179d8c9be8e416,BYC,BaoYuanChain,8
0xb83b9816307c06cc694022988311e4ce23034093,EYC,EYECOIN,8
0x46209fff34bc99000dd86a466c77b6db4550d553,EXC,Exuan Coin,8
0xcebe0deed5da0aacffd10fd505b0347e34204d2e,NGBP,NGBP,16
0x8633fa0445c379f755973f36ff53564b5bbda9c9,NEOM,NEOMcoin,17
0x30223c7af37d30ea5a4acfce96b57f43537e77cd,VSHARE,Virtual Augur Share,18
0x39287fe14d083ba9e9ef888f82d5d693c181c99d,,,18
0x4ed7bad948273fd22b0cb1564ba88bc70e47ffa4,XJ,XJ Coin,18
0x10cff41a52918a11c955d696d45adff5a834128a,BCaaS,Blockchain As A Service,18
0x9fe8df7cecbb017f2bf6b54b66dd82a189154be7,EURD,EUR Daocoin,18
0x9b8c7e4e616cce3ab3f4528714d24880a517dc15,XYH,XYH,18
0x0cbdc0ca734e02835a3eeacdfabb619c5ce9d820,ICRM,,18
0xa171f40e255fb339ee9fde71acf31eb241362d62,TICC,Treasure chain,18
0xf62770069212ada2e3348afa7471655d2edb8e52,AUD,Audit chain,18
0x184d610b16bbb7aba32b06c1d6c1822e004f374e,WODT,Wing of Dream Token,18
0xc21245787058562d9b35644d0da128c5ca14e841,KY,KaiyuanChain,18
0x4801fb60a6b0fd6d378d14ee51e64a3fc3f4e718,FST,Fintechstar Token,18
0x2506ce2d4f2d0950894336463ed7ee00ca5b3f74,EOOB,ecologyblock,18
0x7a09a51fe9ffc72aa4c5c6fc00caa93ff586a0f4,GBX,GBX TOKEN ,18
0x56918835db1a723b235c0ce594a53781c0bde8a4,mnte,Montage,18
0x8b73c84ecc9e2f723463e3b839f7adb8963a7d58,LDX,LondonKoin,18
0xf310d06a54eda5d5ae204b0aa9b5e207972d80b9,MIC,Micoin,18
0xbee64457b5a0a01ee17ce091736313234d66e6c7,NGO,BitcoinCash.ngo,18
0x685fe55d9f555be8f7418e903b4902c0732cbf53,HYDRA 2.0,HYDRA 2.0,18
0xbdb7cc2bb2aa27b97f0c98604e39220641d58b49,APF,APEFROG,
0xf420d2543dfa7f1629ddfc0e66e7b329a13c34fb,CTN,FomoFrogs,
0xa904846491e91af3a92643ea458c8728af7d805c,{},Software Licences,
0xe6609f75fd14562125dda0e7ad353a653ca11377,PCT,Pirate Conquest Token,
0xfb4ebcf2d4c629b1efadabbccc46520325457ce6,SHAZ,SHAzard.eu Token,0
0x6a37df1224caf4f1975dbacf5286e4f5a605889e,UBET,UBetCoin,0
0xcc2b4075c8a61b5cc133205666b80ce0bf0c8684,HNGMT,HINGMINT,2
0x3a862ac281abd6709a977146d6bf2e1950495795,VRRT,VRRCOIN,2
0x217fdc3f4f5061bf75a0c1c8515c8330926277da,BFC,blockchain financial capital,2
0xa7370d1bc230028c0b7303f255caf2f87f785ea8,USD,USD/ETH,4
0x9b437c7d5366aa94ba7d85015335b36703821fcd,zos,ZOS Token,4
0xda81431f26be36d9b45d13c5d0914e58bbc879e4,JYTB,ÈáëÊ∫êÈÄöÂÆù,4
0x3063b738250269de1867d558d62c80a0b1ebf98b,TEST-BY,Biying,5
0x8d1a3aaa98d3e45a63836b956818ea3f663e59c4,CORN,CORN,5
0x73dd8667a8dba4387e0dce06b60eaef907c090a2,QTH,Qthereum,6
0xd182e01307aa7d1c0d32a4b92648692802aa08c5,TUI,Crypto University,8
0xeaf3cab09eccfc06a51a5843083de725d61f3de8,APHA.cx,Aphria,8
0x1e99bb0b686cd08866d30aca0afdbcc2f945c39b,SBERru.cx,Sberbank Rossii,8
0x6770d4f08f8b60163858e02752efd954b294d7fe,SKT,SwiBank,8
0xd67b8ba377f5ee3deed1282f83d28e76bab6492d,CTC,Cordyceps traceability chain,8
0xe8770c84e2222f8ee6d799ce778cf94f9067682f,LZTC,laozhang token coin,8
0xd8eee2c3014288d8bf3a422162c542a0104f314c,Ok,Norug,9
0x9195129af1ebb2876ea100c56189f9f14eb90a20,VOTE,VOTE Token,9
0x4531049c1c4f23b296e2c1818865cd4ec6c513e5,,,18
0xf380869ca59c1290a0f8f218edb47628aa71fd76,VCHF,VCHF,18
0x29d698505ed40fcce599395edbbadb94661f3030,carat,ÂõõÂÖãÊãâluxe,18
0x057e754e4a21b0f00b12273977fb9076dffbdaec,CRG,Crown Global,18
0xe2d2e6abf4cfa996a16333cb5642c10e39317811,,,18
0xada78a1e7cf090db682ab9b789a8c809e51bd204,XYZ,XYZ,18
0xd0d59b363c650810395e67ca69b89b012a7eb360,RR_SAU,RR_Saudi Arabia,18
0xcca81b5cdcd4dc85fa9fa59cb37a22ef4d1629d4,BENT,BENITO,18
0x94b76eb6a1622f813d615f237a35ef2fd13fdc22,MIA,MIA,18
0xa2b7f899186782edaf50ff99b5bf533daca0c930,TYC,Teng Yuan Coin,18
0x7b8f7cf29cfc5ad320e3f3a7d48d8c5e95e0c8a8,IRB,IRobot,18
0x14c87df259e20ed18dd9955c0de082802c6ef72e,LMT_,LaomoToken,18
0xd05c4cb6b5558e268267bd68e198e826b6b83042,GMFC,Âæ∑‰∫øÈìæ,18
0xd0b0af9a6503878632e89bd3652f8efcad79d560,BHB,BHB Token,18
0x66d41949efbbca83362b4e204299a729af650e2d,UND,Undermillion Club,18
0x0d65be56f53228004206ea8e47513da77e8ee0d2,GECI,GECI Coin,18
0x15ea3354ded7a3e8d027da667aada3f8414c9c3b,Kuma,KumaToken,18
0x3d5d4a69b60f3e6cf4ea9de9b828b37a31f61091,CUA,CUA,18
0xecb3c713c2d8c4732b5a8368d04b67879068cfff,SEC,SEC Token,18
0xf51216c533b386514bcdb31193b8ec106249a5ac,XTRA,Extra Credit Token,18
0x1925fd4f9e3f56d29c826bf43ae0349f5987528c,COP,COP Token,18
0xbcadea17241351d3d1ba5a8dfca468fb4e02dc07,MLT,Mega Lotto,18
0xc3aafbe201dd0545764214c72e9bfffeee796a12,SHIP,SHIP Token,18
0x47d8e61656feecdb4fd2e7c615667a832715cba5,BTT,Bit Tap,18
0xab770d7c1f37c5658881877cdafde9c028ed6799,COME,COME,18
0xa94c3f6453b115e7e68ecd833efc1f322b3278e0,MUT,MUT Block Chain,18
0xaf55787f6f40f17e6de9987058817c558b8cef52,,,18
0x2f3ab0e4b5545ce373ca1cec0931c3532416d699,,,18
0x760b8b38a0bd67d5fbd067a46c8bab797d9648b7,SHOP,SHOP,18
0x305615737ca8d00b2425b06238047cf10c57ed1c,,,
0x4f5a896b2c54367e6bfdc626b9bb90f1d9c28ca6,,,
0xd86a0b407e2c378f6eced3c4b84f91a7f491aaee,DEAD,DO NOT USE - Disabled,0
0x48ab32f6f4b163829a5c7b0f3f262b79760a9c55,,,0
0x2a070c51192f081cfefe23fed3c8df4dd242fdb6,DG2,D. God√≠n,0
0x1fe4857b85f3e280d5e5a34d1596070cdbfc6e65,MTR,MTR,1
0xe375fd071d9bc1de700d487c591181a7632c05ff,agt,Aggregating Chain Token,2
0x41e05c0dc2d6e03d34c0831e66eba83a3603eeee,HDSL,HDSL,2
0x02ea97a845a718f00bc99cbe73e041ff41e07f69, TRV, Travelcoin,5
0x7a1f53ee63851a4a6bfc6a34a1fe5c1ca20aec64,VTTC,VTTCoin,5
0xfd818d75d90e85a0fa0946943776c286555def44,TAT,TattooCoins,6
0x1af28790514cc2254ab431dd5a00d1a311c5791d,lll,Illuminati,6
0xd9ee10aaa5718ba299a04a8b252f598fcd106a46,CXK,CaiXuKun,6
0x45d290b093f696bc71101124ba1dd28fd4505a24,KEY,KEY,7
0x318333afe175f02febab66bb2b8372e041c57524,1918.cx,Sunac China Holdings Limited,8
0x1cf9645a1ceb238e8432e4f315809ba13e80ace5,XBT,XBT Token,8
0x6d8d513acc2ebecd02c95b0e34bba4e6b336efc0,BB2,BOBOv2,8
0x618d50937d1c68368d1570b43b9329a8e33907db,MVCC,Master Value Network ,8
0xed968c30bc4038cb1e3d5860e5d36c7c74328cc3,LEC,Lendera,10
0x7c417897bfe642bb5acaad9bca38942ca7d08701,UCH,UCHE TOKEN,14
0x4f1d504c39daa5f46598f463558bbd93f47d8f8b,,,18
0x85b31060b7b624c35a321b43c414de456024eac7,ADO,AGADRO CRYPTO,18
0x81a05d9c1c7b879677496b7cf2a445614dc20415,ATT,AtToken,18
0xd5ef77e6c280111073be4dd0bf59be875d6601eb,HOC,Hoshi coin,18
0xc7448e1e9d4ad94728746f6dcd9677683cb2ee80,ZEN_TEST_2,ZEN_TEST_2,18
0xa2971810f317b31903deceaf1e45f11a95bbe4fa,LILI,lili,18
0x7e95ed18bb53d279beadd4cd4e1a4fa37158d772,#,qls,18
0xab7fb3b0068ae872a51c2cb7cc88828c1ae20680,GAEX,GAEX Token,18
0xa26cbb76156090f4b40a1799a220fc4c946afb3c,YNG,Young,18
0x6b56e371bf970b8870ce04ee7956a89625364293,ETH,ETH...,18
0xd22572e1608e4ba76274473b1b5879a03cdb07f8,DGW,DigiWill,18
0x08f2d5d48200b87e5bbdc20fd3dd94c2c1cbc70c,MTTC,MTT CHAIN,18
0xf94a33298a3441f30a283e2e68311336320800d3,HAMU,HamuCoin,18
0xe1cc20a067fff42d9e6056e609644398f11c84a8,,,
0x95411d0acaa34aaaf85c0ea55a8fde2cefb3d610,,,
0xa78355a95d7f57a775e8f31f78feb62848b140f3,,,
0xb239e65c93d5755bdaf326a547d4c82ece3a06ea,,,
0x98ec7d56024c4e576e691b32a5ba284f9b15be38,EC,EtherCities.io City,
0xae6bc21c75578ea0324acb79934bd3ac308e1382,TRTZ,Treatz Coin,
0xa9a6e5e2189f55d6960496be560c77dd2e4188a1,,,0
0xc280a7f5ecee3fb6dbad64fa2f1498bf5636deb8,,,0
0x40a8eab5519936c2f0aa586b6fe751977de31f97,CS323,CS323,0
0xd0d74b2039476a0ff85c65ec0bf399aac819fc2a,SLT,Share of Lottery Token,0
0x9948f30a0ab33c483bb51d922922ceca0e50d622,KCN,Kool Easy Coin,0
0xfbdc8b774644b420dcab45ddf3ffaa394bbd6760,BTCXXR,BTCUSD XX,2
0xa71418c8e82e058b1efc7677d027f30e18cc310e,cccc,ccccoin,4
0xa0b7ff3ee6bfa9c3fd19b1616ba92e48dabd4f80,üìñÂ§©‰∏äËÅñÊØçÂ™ΩÁ•ñÁ∂ìüìñ,üìñÂ§©‰∏äËÅñÊØçÂ™ΩÁ•ñÁ∂ìüìñ,4
0x61cea6e0a6d9cb0f9c2aeda7a46254e627c541f0,AMA,Amatumamare,5
0x51c833384bedf59691650257b3c5906e058d5818,BTCB,BitcoinBlue,8
0x627a4ef767dc730ff65e02a073921178f65d5af2,Astion,Astioncoin,8
0xda2190c97cc00dd7ec0c2d703e2f91577d574469,scammmtqt.io,scammmttq.io,18
0x3d053e4b0d331981502d0a22db65a57699bb9f52,DIV,DivVC,18
0x7bcbc749a7f0a4dee0cecc590bfc8b9bedd18090,ITT,International certification,18
0xd3717c6bd34dda764eabc8b1239285599287e4a9,PART,Part,18
0xea381d241153a384af27c3688f695f06faf58795,ETD,EMPOWERTHEDAO,18
0xb8aea7893e6842b951e3e22a4008a7ce1a859262,pOWU5iMOI9O0Q623yuBq,pOWU5iMOI9O0Q623yuBq,18
0x7ca337a898d5f18487da6e8aeb7370a0116058fe,GFG,GoodFuckingGame,18
0xd7109e7d02c8637158ca7bc3d7c500dbcc40e3cd,POLK,Polka Fuel,18
0x4dc1e8bacc26d563941dcb59c72bd9fe58663778,sXRP,Synth sXRP,18
0xade05dc88b18c4a504b22e47e92d00a552df436f,TBBX2X,TestBitBeriX,18
0xe7b4e1a9d7bde5ce5b2fd0c89a671292f2696a8f,MANG,Mangosteen,18
0x5d83d35591dd45cf09de7029681e55a70769d3bb,EGXA100,EGXA100,18
0xc996dd5e9006f589d5e2c9bcc7589114186100b6,ETHT,ETH TOP,18
0x400c969095ebb8b053956105458ff033e58fc025,EGL,Eagle,18
0x1bd27ac7baf40bb5d3d540b99e3f335e24caaab8,BTN,BitOptions,18
0xfa26c4b3ef72298b2a65ecec0532ee074b04d6ed,upc, Upstream of chain,18
0x67d5a19e78da06e1f44c2880193e248b3978588a,ETW,ETW,18
0x7eca1cc62baa46b9bd4f59425cca8e4c244b805a,Xmc,XinMeicoin,18
0xfe5c006abb8009aa4d645bcb6515e16f128bbdce,CLV,CLV,18
0x041b37c9cd51a76633d6a378246660bd7fb0b80f,TTC,TTTC,18
0x48294aef8d2c9c109196ab3067c0b72e9b0f79ce,BEE,BEE TOKEN,18
0x14b6cf8f10a4916fc9fcbbce9274404382031bb2,SMC,SMC,18
0xb6807d9e1e00745714c707d5c8f546d53b1089a3,FTZ,FinTechOZ,18
0x9726f0df6e007c721e8ed21b9fcc6c66573b1193,HXA,hex alpha,18
0x27bc53596dc0ea71de3c65c799d8e6c96c1dda98,YJM,YunJiaMi,18
0x5d1252ccfb46313a7bbf2fb4872899aef3e22672,,,
0x1688c5931cbded28902decf7faac68aa5fa9d426,BSYOBED,BSYOBED,
0x11bf94107fcd20f1c041dccf858f189c319ee75d,,,
0x05da776d8d68bd8795b11fe247bc6c0ead45c7e0,,,
0x077cc49ddf3987261a17530bfc1f853dd6bdee5c,DUSC,DoubleDollar,0
0xe47c682088034afe5af19637125bd1d58684aeca,NGT,Next Global Technology Coin,1
0xb9eb08311fed95fd1baf48ccae8c6b746be9f35b,QYTT,QY Testing Token,2
0xf8988384f9711b0d2c77f3e4e0f6559cdae9ad8a,RTGR,RedTiger,2
0xe15254a13d34f9700320330abcb7c7f857af2fb7,KAPA,KAPA COIN,2
0x506969ee905c745f22980ed15f7619ebe510464e,KRINO,Krisztike Token,3
0x703f058e239315b39fdeed430cf46260afd59933,REDCHIP,REDCHIP,3
0x4b71b396f94d109afaf5e6c568bc6163eaff9265,TMT,TestMineToken,6
0x6edd4faa59eb8266c38d60b415c43604b52e2b9e,test,test Token,6
0xe3458028a71c66769fe768c674b18d5387cee91b,LCASH,HashnodeTestCoin,6
0x29bb4539ccd61a8ca4b08da8577f356b3f38833b,RaBot,White RaBot,8
0x492cae5a8d05ae2dc1d4c1e78ebe6a5eb1124a6a,BYC,BaoYuanChain,8
0x436943711efa62e56047122205ee61e7f97f50af,CSA,CSA,8
0x9e8b3a3a0deb0084cce7f2aa327b888da4d8f1fe,DIGG,Project-DIG,8
0xf74d0478b4de75afaea979d22e2f7171b9f156da,ADOPT,Adopt Token,18
0xe00998332cae3a6617290a9d252fd081b5a9a91b,PAY,TenX Pay Token,18
0x43e879274a2da7d32dd4fb474db3923909773dc8,TKN2,Token2,18
0xf10d54fa88789a6d7a1d21b0c9fdd7f32dedca86,,,18
0x7a703b8f11ca6555cd5a2bbcd8ea264930c14611,PUSD,PayUSD,18
0xdb96f8cbae90d8d0fd076204c3d77ac28695e7e2,ABC,,18
0xaad76a037173bbc7d8b68c39081923d25a7c7ba0,SEVEN,Sevenfinance,18
0x0542be19dbcbb0028a64423c5062587ed7e57aa9,WT1,WorkToken,18
0xf6b63c81bf5335e84dcb1e121e2da0b517f1eb65,DORB,DevOrb,18
0x20fa80d522a8b6964f778722df411ffb71f689b6,C13,HechoC13,18
0x6c83d329891d4a25c610a84638823e87170e7e01,ZHY,ZHY,18
0xe30682940034ba1cb153eed9defad1ca063acce3,ZJL,zjl,18
0xa93181b99cc9578e76c167a01d19b8ba2ba54a53,USDT,USDT,18
0x8cd72659d3f5776a8c6c320e74c74c6503cef109,ETH,Etherieum,18
0xcf2e8280d1779ce01367a24b832b82e1564e643a,Ôº®Ôº¥,huobi,18
0x3c93d1d653b5ecfcd382478bcf26bf656c8bde04,CITROEN, Citroen Coin,18
0xbbe18752a08dae6a0764be4d997c5d38873a3658,ETH,ETH,18
0x2a9e7636cb97a6be13cbc708a4b5c8cc16404a49,BGC,BGC Token,18
0x17e0cf8c7273b9404e8bbc3cb3380386b6b71645,DigiC,Digi coin,18
0x9dddfb55d772f5c80a479d2f168e2cfe60b12b92,d0x,district0x Token,18
0x2229d36e31e15347f0262e056da898934df0bd74,INV,InvisiCoin,18
0x63a049496c1d24d727fdb5af59838562a5aea981,ODX,ODX Token,18
0xe8c65be49e76adbdef289b12ee648e6c5fa117a2,WKH,WKCash,18
0xb7be9c14cfa34d2bd58eb34982ee3c7842a967e2,COIC,COIC,18
0x94c19d6b9d0a714336e6b8130959b6ffdfac9c2c,ATB,AutoBit,18
0xf81ed1f532e5d3928910fdb7f80ec0d1f69e1089,Musk1,Medal in tribute to musk,18
0x017d0eba44e2320572d53375c78d919d15b358c3,HIC,HiCoin,18
0xd4def15894039d4a3bc72898ab4058e9b60ed35a,FANX,FanX Token,18
0x2c384979e79e902d42355a69a006f89a1573fa78,,,
0x75e6579b7818ec0354220522d1ae9ad0373356ea,,,
0x24a3e1447b149562e5190c3217b7dea990511670,,,0
0x89eade596a1ee3f6088a578810fd126935e99d74,MRMT,Mana - Raisemana Main Test,0
0x603a3c7953b5715f119b470ac29a3348e615023a,ÊôìÂÜõÈ∫ªËæ£ÁÉ´,TheToken,0
0x530ca09e560d822b67373f4f016c3ce6a723c3a2,,,0
0x8c4cb54023acc958f35bc01a8ab467d5f94d34a0,SIXEX TOKEN,SIXEX,0
0x364f079f419ff02ce5ca043328b7286c37836868,Lockcoin ¬†Ecological Token,LET,1
0xceb8652de51c77245226ea8b35858114d41f1b99,Redin,Redin international co. Ltd.,3
0x0064fbb3f58de455a07b674b9ef6da96553ef9be,VOXXO,VOXXO,4
0x7688f53f963f5d821ce56f61859eec0c5fa6c3d4,GTO,GTO,5
0xf3ec0ee6c8d13685fa68dce8a39ecb45ecfabb95,GHST01,Green Hallmark Solar Token 1,6
0x892079f9e462eb5fa1a9505cd1e9ef25d7fb9915,yHEXT,yHEXT,6
0x1f53e0a3699774d1a1bc92f3ca65cc1fef96901f,RSX.cx,VanEck Vectors Russia ETF,8
0x63f50e26dd578a5fd1443aff0ae3041c00bdb1c3,VHC,VouchCoin,8
0x146fbe06e088e2667f9fac4d86e2fedde962694c,BTC,B token,18
0x79ae80f701a584b228003a535ae2a7a3d32ed720,,,18
0x94658d8b6b54c860898e8403fbb323079fd720af,,,18
0xab0c9850baacf24efa368b57c2822ce73b60794c,REPUSDB,Reputation Smart Relay Token,18
0x2c3530bf7d27fa8ad2031fee3f35e14dba99bb91,MELC,Melecoin Token,18
0xf4c8f3f9f157cc1081e2d32aabf62a1781b14791,YDM,YDM,18
0x2d6977f23d50095dcd465fa509f1f9fa23b85e41,JRL,JRL Token,18
0x109a760d873efa2f452b89b8fc230b16984fcd6b,ZHENG,WANG,18
0xfe534187e3080ec303aa50dac3dba82cfdd0abbe,RF69,RFI 6ix9ine,18
0x55739ac3e8d49b19eb59d9ae7741fe15b5d913cb,FCB,fcb.finance,18
0x281389214a4d9e2532e1fa6ea9f9826f3fd53229,FIL3,Filecoin 3 Futrue,18
0xed2c14775353920348150f4457d86574120587c0,BearU1,BearU1,18
0x5ed072eef1db8b07d7ce6bb5d877fc429a0dbd53,TIP,TIP Token,18
0xd800639007113e354bf0f56dca8607e5cc735b07,PHL,PIAOHAILIAN,18
0xca71dfdf057edf64a234698befeccb53edb7b2c4,XPIX,XPIX BR,18
0xfb3ddcabbdc9545b271c999cd13a1390ff75d28c,AUSC,AUSCCHAIN,18
0x298be70c3a00bae5ff597c16aaf7dde38920deb9,DPC,dappcoin,18
0x966f80870101063a5c39363cf2630afa1445a10e,BRG,Bridge.link,18
0xae3a05eee2f79c3a751b1c92ebaad31c6ac43e52,CSC,Âàõ‰∏ñÂ∏Å,18
0x51cd26353d880bd62aa3f2984859a88042048e68,ECT,Ecoshare Community Token,18
0xc4b743dcbc67338423252c895ba09a203cbc0a88, Gecosh Token,GCS,18
0x87c2394331be1922befaab5f70abd66a29de20bc,BTV,BlockTrivia Token,18
0xd448898c884e4e8357c17c790a6d1bef8db1a08b,FOOD,Biolokio,18
0x521aac5b3100e0346a863fb8e9d50194d82b8788,Morty,Pick Or Morty,18
0xfa7d417e50a4bf1178e86f15ac89e867ac39af6e,OPT,OPTÊúüÊùÉÈÄöËØÅ,18
0x304e52b3a2d5ff618da436134e9a6c405e4b0a22,MSTH,MinShengTong Health,18
0x86fac41bb829b632cfc95cad23d1c736ab732449,PVPBOT,PVPTRADING,18
0x340ef83ec8560892168d4062720f030460468656,ETHM,Ethereum Meta,18
0x21fa755015a8b7eb9998fe3b73e3426d5a86968a,testCAT2,testCAT2,18
0x9ad085cb8bd2d0bdb8f1af909e39bf36f210b3d8,,,
0x7e39b548ffe79f2bd3bdf855ba9a2639d7254795,PENT,PentacoreToken,
0xc2154fd90ec71dee0b47168085c1e20aab587518,AI9,DigitalArtCollective,
0xa6b362cb5d328b1585fd77a321e4de4498ba705b,,,
0x659adf576ef752ab0eb61a753939eea20824e732,DH,Dryden Hunt,0
0x2878206c610367e906f040a20ffaa28cfc30decf,RR,Ryan Reaves,0
0x8f94bc777cb8b6876cd2410da3a6f796733212f5,HTDG,HOTDOGPEPE,0
0xca261e2d104493cdd8b345acfe424a2dc971b727,LVGSG,LotteryVGSgreen,0
0x8e35ef6acd0a6f168cc028ca96be987cbb048e12,IFPS,International Federation for Produce Standards Token,0
0x106d328ed26c663db7b69e82476d23f198a2efbb,btwn,brampton,0
0xa8cbd21faf0cc087c9f6beeb7ff8f4f477462cfc,Turd,POS,0
0xb60e133dacf00b6f560909dc0a5311ae7f9a659b,GYMS,Gymcoin,0
0xdb0b753f7c54b5f20c78895a234155e7d90052f6,KORGI,Korgi Muchi Token,2
0x52a9a8c9ebac32f8b54616e24eadc723904300b9,COIN,COINSDE,4
0x446abb1509f1df6c3ac16d5d9a977b6f7f7d9349,dos,dos,4
0x075e3b0912f61fd347900c8130a253f29e4c7201,Xchain,Xchain,6
0xc23447ba70a10cd5ce4b8e476166e17ccd49bfd4,MACH,MACH Exchange,8
0xf70a4c6aefb44149dcd84d24657c65619ec4e715,CNXZ,CoinexToken,8
0x9d3fa3714143e00a43ae1593627efbbc4a39deef,EDXC,eduCash,8
0x1abb44dbcbee93f645b3d81becc8903b3d7bd6a6,GTKN,GTKN,18
0xdff933589dfdc864b1bdb47291c45eb36aef7ab1,,,18
0x3662ff383845802dbbb4b8aa5fd0ad51781b5eb6,META,MetaMark,18
0x700c4cfa9b71e0468cc845f0c1056db3bd0fafa5,BNT,Bancor Network Token,18
0xc204ebcd1141bc8df5d6fe5dca1aea018468a36b,LTT,LETHANHTU TOKEN,18
0x5f38ed65c19318b43dc792fc19ddd418d0186cbc,HKS,HayekSystems,18
0x10f70baa4146a7ed30e2f7f5b66bcf7a67d7c7e7,1NET,One Network,18